{
  "bmx-trees": {
    "JM": 0.26706268868388916,
    "JR": 0.0125,
    "PSNR": 49.44227198333037,
    "SSIM": 0.9783872231622859
  },
  "tennis": {
    "JM": 0.4922181227368781,
    "JR": 0.4,
    "PSNR": 22.371974433808322,
    "SSIM": 0.9457253552942522
  },
  "average": {
    "JM": 0.3796404057103836,
    "JR": 0.20625000000000002,
    "PSNR": 35.907123208569345,
    "SSIM": 0.962056289228269
  }
}