{
  "bmx-trees": {
    "JM": 0.03058015704095684,
    "JR": 0.0,
    "PSNR": 16.05785098157488,
    "SSIM": 0.571316646757723
  },
  "tennis": {
    "JM": 0.03536015968241175,
    "JR": 0.0,
    "PSNR": 21.984286353366482,
    "SSIM": 0.7853554932814594
  },
  "average": {
    "JM": 0.03297015836168429,
    "JR": 0.0,
    "PSNR": 19.02106866747068,
    "SSIM": 0.6783360700195912
  }
}