{
  "bmx-trees": {
    "JM": 0.26706268868388916,
    "JR": 0.0125,
    "PSNR": 49.62345885622318,
    "SSIM": 0.9819475368098137
  },
  "tennis": {
    "JM": 0.4922181227368781,
    "JR": 0.4,
    "PSNR": 22.584493157172222,
    "SSIM": 0.94725043808902
  },
  "average": {
    "JM": 0.3796404057103836,
    "JR": 0.20625000000000002,
    "PSNR": 36.1039760066977,
    "SSIM": 0.9645989874494169
  }
}